signal,label
"[-0.05722722  0.05561023  0.03149017 ... -0.02778456 -0.06056277
 -0.00059403]",0
"[ 0.00492795 -0.09144254  0.08222769 ... -0.05456961 -0.0899461
  0.02838878]",0
"[ 0.00026054  0.02474363  0.07401855 ... -0.08557252 -0.00470537
  0.01596614]",0
"[ 0.03017929 -0.01440541  0.04769532 ... -0.03483429 -0.05852733
  0.05071697]",0
"[-0.06232736  0.03615949 -0.02431138 ...  0.0398737  -0.02835544
 -0.04374186]",0
"[ 0.05595148  0.01200621  0.02505593 ... -0.08360075 -0.03310993
 -0.03056416]",0
"[-0.01326655  0.09290919  0.03789698 ... -0.08199046  0.07900166
 -0.01848187]",0
"[ 0.02368846 -0.08039242  0.07574695 ...  0.03510555 -0.06186726
  0.05047453]",0
"[-0.00144515 -0.00739799  0.08369977 ... -0.06989395 -0.04265612
 -0.10718418]",0
"[-0.04284197  0.02313802  0.03476104 ... -0.03308811 -0.06758854
 -0.01266332]",0
"[ 0.03544695 -0.03245475  0.04675943 ... -0.01435893 -0.00611925
  0.05331993]",0
"[-0.01200893  0.02879193  0.09752321 ... -0.0180967  -0.00946555
  0.02336037]",0
"[ 0.05130789  0.01020423  0.02636254 ... -0.01274213 -0.08249867
 -0.00010426]",0
"[-0.01172528  0.01179073  0.00655612 ... -0.09834151 -0.07094548
 -0.07357697]",0
"[-0.02549284 -0.01224431 -0.02479243 ... -0.1273087   0.05246658
  0.01962077]",0
"[-0.07070184  0.03893799  0.00375466 ...  0.01100403 -0.14027983
  0.03035871]",0
"[-0.0103329  -0.00569755 -0.0726674  ...  0.00314451 -0.0045086
 -0.01453362]",0
"[ 0.03757422  0.01113077  0.1634352  ... -0.16042132 -0.06495661
  0.0743825 ]",0
"[ 0.0954521   0.04374044  0.04068702 ... -0.03136301 -0.00735306
 -0.00276995]",0
"[-0.07589074 -0.01651772  0.03653642 ... -0.05965009  0.00879887
  0.10787683]",0
"[ 0.00124506  0.04927802 -0.00534289 ... -0.07548736 -0.03678704
  0.03871907]",1
"[ 0.00616974  0.06690501  0.02654317 ... -0.10895838  0.01154235
 -0.00514827]",0
"[-0.0371432   0.00549534  0.03775886 ... -0.13017989  0.00148006
  0.01916565]",0
"[ 0.02112203 -0.02036489 -0.07408342 ... -0.01061949 -0.03531269
 -0.01778293]",0
"[-0.1318186  -0.03693107  0.01645134 ... -0.08892776 -0.06792089
  0.00820086]",0
"[ 0.02416482 -0.07257423  0.02267666 ... -0.06863845 -0.05369554
 -0.01989182]",0
"[-0.070893    0.08224924  0.04941031 ... -0.09980235 -0.04458122
 -0.04405468]",0
"[ 0.0436017   0.00833121  0.01944316 ...  0.03286557 -0.11989185
 -0.04979513]",0
"[ 0.02522517 -0.00557117  0.10790078 ... -0.00856844 -0.13394473
 -0.08109868]",0
"[-0.03542785 -0.03428601  0.03215424 ... -0.0404059  -0.01462449
 -0.09643909]",0
"[-0.05649461  0.06621597  0.02201725 ... -0.02119062  0.00504463
  0.03042181]",0
"[-0.02141304  0.07216105 -0.0762357  ... -0.11537159 -0.06281564
 -0.04081111]",0
"[ 0.08253795 -0.00317803  0.0668646  ... -0.01997227 -0.04626973
 -0.0457884 ]",0
"[-0.01641929 -0.00294827  0.07896043 ... -0.06651079  0.05198096
 -0.06611449]",0
"[ 0.04734701 -0.05849613  0.00343132 ... -0.01752668 -0.08264843
  0.04656079]",0
"[ 0.08636689  0.03862042 -0.03988707 ... -0.04193224 -0.01283169
 -0.06570914]",0
"[-0.03611158  0.05692105  0.06514585 ... -0.05731288 -0.10409817
 -0.00227736]",0
"[ 0.00832536  0.01965624  0.10349613 ... -0.03586496  0.0035877
 -0.01913473]",0
"[-0.07778057 -0.01089079  0.06247185 ... -0.06349178  0.06214659
  0.03587757]",0
"[-0.07355824 -0.03694105 -0.03228139 ... -0.09196001 -0.01747504
 -0.00228177]",0
"[-0.07692585 -0.04466589  0.00943794 ... -0.12622564 -0.02940047
  0.03254173]",1
"[ 0.01708432  0.07767867  0.0192909  ... -0.07719967 -0.06593194
 -0.0275642 ]",0
"[ 0.00050419 -0.01381197 -0.0367745  ... -0.03990878  0.03179735
 -0.0864101 ]",0
"[-0.05538424  0.06420407  0.08288144 ... -0.05816605 -0.03907191
  0.02326442]",0
"[ 0.06481203 -0.08696864 -0.00134103 ... -0.04709794 -0.05440376
  0.01825481]",0
"[-0.01238293  0.03034416 -0.00147402 ... -0.02435078 -0.10569946
 -0.06264117]",0
"[-0.00936826 -0.00989398  0.06429499 ... -0.1193733  -0.16550402
 -0.08440277]",0
"[-0.03631387 -0.00610663  0.04740352 ... -0.09414286 -0.09205713
  0.02889656]",0
"[-0.040088    0.10013592  0.07419768 ... -0.05284635 -0.02306681
 -0.02229526]",0
"[ 0.02632901  0.01624332 -0.07945545 ... -0.06695383 -0.00260032
 -0.05952541]",0
"[ 0.00435331  0.04843405  0.05670104 ... -0.01227472 -0.00908591
 -0.07686873]",0
"[ 0.04280855  0.04675244  0.14643432 ... -0.05426222 -0.04124716
  0.0443004 ]",0
"[-0.0071075  -0.04360192  0.16065586 ... -0.09124393  0.01583102
 -0.08218123]",0
"[ 0.05699377  0.06296181  0.04316962 ... -0.06663909 -0.01143909
 -0.01040692]",0
"[-0.04834598  0.0241696   0.07857004 ... -0.04339772 -0.03475222
 -0.06847004]",0
"[ 0.01241506  0.04311453  0.13419623 ... -0.10276478 -0.0804936
  0.04096868]",0
"[-0.01401739 -0.02660488 -0.032525   ... -0.05705146 -0.00716006
  0.03500504]",0
"[-0.01632674  0.00964278  0.10344578 ...  0.02560543  0.00488635
  0.0871225 ]",0
"[ 0.07196716  0.03418233  0.06744968 ... -0.08003868 -0.11653741
 -0.00518441]",0
"[ 0.0131393   0.03881465  0.01826154 ... -0.14785644  0.04471055
 -0.02460941]",0
"[ 0.00608525 -0.04184855  0.00577313 ...  0.78353827  0.72311608
  0.57167068]",1
"[ 0.48437115  0.38450588  0.2088183  ...  0.00964689 -0.02184329
 -0.00436063]",1
"[ 0.08526632  0.0753568   0.04808845 ... -0.08444502  0.03774732
  0.00692899]",0
"[-0.00689792  0.01358421  0.03193569 ... -0.07435007 -0.01843588
 -0.03573686]",0
"[ 0.0215923   0.06506957  0.12827912 ... -0.08894681 -0.12930519
  0.09434096]",0
"[-0.03719703  0.0601689   0.06481279 ... -0.20257661  0.01446744
 -0.0131488 ]",0
"[-0.07242495  0.09136028  0.05698796 ... -0.04887932 -0.08767214
 -0.06717989]",0
"[ 0.07824911  0.12620467  0.00788491 ... -0.17595985  0.06144095
  0.01253876]",0
"[-0.04778129  0.07426017 -0.03585728 ... -0.02978354 -0.0278247
 -0.00923118]",0
"[-0.01407312  0.01681497  0.03991409 ... -0.06696663  0.03101042
  0.09110866]",0
"[-0.03252665  0.08627993 -0.01174382 ...  0.06097354 -0.01390353
 -0.04382691]",0
"[ 0.02344101  0.06132599  0.06666343 ... -0.049234   -0.09391483
 -0.00955707]",0
"[ 0.047835    0.015571    0.0212282  ... -0.02038703 -0.02187333
  0.03372792]",0
"[ 0.05884099  0.0003535  -0.02055384 ... -0.05850576 -0.05771164
 -0.05712955]",0
"[ 0.07215768  0.02432194  0.04691781 ... -0.095608   -0.01598111
  0.00226429]",0
"[ 0.10164741  0.10704738 -0.07877587 ... -0.02915184  0.03289032
 -0.01078246]",0
"[-0.16903572 -0.04262642  0.04859821 ... -0.09725099  0.05816603
  0.059218  ]",0
"[ 0.01593654  0.09758138  0.0921305  ...  0.00442964 -0.06223432
 -0.13319889]",0
"[ 0.14934565  0.07037588  0.00922574 ... -0.01420501 -0.03829389
 -0.07316977]",0
"[-0.02420715  0.05689687  0.12841721 ... -0.07911069 -0.10064231
 -0.06411883]",0
"[ 0.04184233  0.02865002 -0.01059584 ... -0.08124843 -0.12335562
 -0.03901085]",0
"[-0.03396348  0.05512636  0.03063524 ... -0.17042773 -0.07562613
 -0.09261191]",1
"[-0.05057438  0.04973237  0.04552344 ... -0.04182782 -0.07739327
  0.03918639]",0
"[-0.01253286 -0.01620753  0.08402868 ...  0.00035331 -0.08027344
  0.01062601]",0
"[-0.01692033  0.06165585  0.06852859 ... -0.09243752 -0.0281046
 -0.13298664]",0
"[-0.04246646  0.07081293  0.04593694 ... -0.19017594 -0.05439163
 -0.00480353]",0
"[-0.11633706 -0.00340214  0.1017694  ... -0.03063101 -0.0571168
 -0.05166414]",0
"[-0.01461403  0.02441842  0.14050693 ... -0.02618368 -0.06839144
 -0.08671323]",0
"[-0.0505476  -0.02746518  0.02263776 ... -0.05213292 -0.15029124
 -0.02802155]",0
"[-0.09114719 -0.01276001  0.08772204 ...  0.00677423  0.0381566
 -0.19824841]",0
"[-0.03620526 -0.10151656 -0.07648086 ... -0.19433745 -0.00832471
 -0.04449503]",0
"[-0.00700801  0.10762757  0.03109877 ... -0.04833155 -0.05535264
  0.00872043]",0
"[ 0.03548911 -0.01366702  0.0109281  ... -0.04108388 -0.00722832
  0.05090971]",0
"[-0.00103428  0.04239612  0.02816589 ...  0.05137077 -0.0726659
 -0.06408713]",0
"[-0.01713534 -0.10009871  0.01045863 ... -0.02347136 -0.00031041
 -0.04456047]",0
"[ 0.01171315 -0.01201129 -0.00340623 ... -0.04440434 -0.01183439
 -0.041646  ]",0
"[-0.05714811 -0.08747762  0.00868463 ...  0.01397537 -0.0454772
 -0.01439601]",0
"[-0.04947572 -0.01053321  0.05756591 ...  0.00330615 -0.05797105
  0.00773054]",0
"[ 0.03546096 -0.05895438  0.01595546 ... -0.03239727 -0.00148543
 -0.00974875]",0
"[ 0.07679972  0.06247115  0.06143181 ... -0.10742711 -0.01919094
  0.09086003]",0
"[-0.08947127 -0.04218675 -0.0350511  ... -0.04077275 -0.08784708
  0.01312052]",0
"[-0.04820365 -0.00396048 -0.02680695 ... -0.53299967 -0.653832
 -0.72192724]",1
"[-0.66327773 -0.80979737 -0.81779291 ... -0.05507955 -0.1128943
 -0.03670044]",1
"[ 0.01973004  0.05643116  0.04516864 ... -0.02225906 -0.1155404
 -0.10178828]",0
"[ 0.02694107  0.04175708  0.02118593 ... -0.07293226 -0.11276773
 -0.12983564]",0
"[ 0.0787017  -0.02908813 -0.01096757 ... -0.05785499 -0.07117542
  0.01689423]",0
"[ 0.08158677  0.02942454 -0.0037798  ... -0.09823737  0.02965464
  0.01925547]",0
"[-0.0859305   0.07156202  0.06768669 ...  0.02276359 -0.03613751
 -0.07739937]",0
"[ 0.04840104  0.0240536  -0.00059434 ... -0.10667737  0.06204221
 -0.02672432]",0
"[ 0.00050288 -0.00477313  0.01426853 ... -0.0737986  -0.03536676
  0.07928507]",0
"[ 0.00425637  0.10140532  0.0081547  ... -0.06295985 -0.09397273
  0.02636726]",0
[0.04116624 0.08707127 0.10101278 ... 0.03193015 0.01427859 0.02020646],0
"[-0.02877843  0.00747402  0.05180742 ... -0.00685601 -0.08498821
 -0.00119619]",0
"[-0.00970257  0.05954737  0.07447837 ... -0.09497688 -0.00563126
 -0.01644961]",0
"[-0.05032673  0.00202677  0.05169644 ...  0.08164342 -0.09407727
  0.09660997]",0
"[-0.00775132 -0.00518395  0.03465566 ... -0.01494846 -0.10057024
 -0.04807255]",0
"[-0.09371782  0.11914658  0.05076156 ... -0.02391035 -0.102789
 -0.04456878]",0
"[ 0.10929978  0.03812402 -0.00460483 ... -0.07328869  0.02249541
 -0.0433439 ]",0
"[ 0.00612356  0.08780282  0.02500216 ... -0.03427164 -0.03060313
 -0.07121301]",0
"[ 0.02963474  0.04810543  0.05939538 ... -0.09026897 -0.01958654
  0.01297566]",0
"[-0.01990137  0.17343109  0.10782389 ...  0.00878171  0.02374368
 -0.07241877]",0
[0.025653   0.06596116 0.11753558 ... 0.82784298 0.87869913 0.99498289],1
"[ 0.97963997  0.8795953   0.66526847 ... -0.11779865 -0.0499228
 -0.0319804 ]",1
"[-0.03251449  0.02692788  0.07021007 ... -0.07497633 -0.0776781
 -0.03392349]",0
"[-0.04789829  0.07292064  0.00430911 ... -0.13770675  0.02828866
 -0.15733885]",0
"[-0.00672825  0.13542185 -0.01215247 ... -0.04232397  0.0076179
 -0.01218933]",0
"[ 0.06919525 -0.03418283  0.08175481 ...  0.01629743  0.0314242
 -0.01340108]",0
"[ 0.02208854  0.02471173 -0.00042313 ... -0.11573132 -0.07304955
 -0.03646862]",0
"[-0.08040533  0.07537656  0.03668164 ...  0.00149542 -0.05245333
 -0.02420611]",0
"[-0.01408724  0.08574124  0.03406169 ...  0.00110897 -0.06835155
 -0.01671206]",0
"[ 0.00904369  0.05314663  0.00945219 ... -0.03806162 -0.02623993
 -0.00098182]",0
"[-0.00721019  0.04801114  0.02032056 ... -0.05985788 -0.06092082
  0.01891214]",0
"[ 0.01215086  0.03132909  0.05342432 ... -0.1535672  -0.07595327
 -0.00477818]",0
"[ 0.0399628  -0.09942384  0.04897511 ... -0.01617128 -0.05615387
 -0.08280353]",0
"[-0.0709616  -0.00627607  0.01250649 ... -0.09729189  0.04892012
 -0.04983612]",0
"[ 0.01644959  0.02767186 -0.0230321  ... -0.06271294  0.01082227
  0.0547342 ]",0
"[-0.02303071  0.07282381 -0.02511061 ... -0.10346646 -0.08768361
 -0.03557968]",0
"[-0.08427707 -0.0002628   0.03572318 ...  0.00571692 -0.04465092
 -0.02010535]",0
"[ 0.04103106 -0.05175648 -0.00388478 ... -0.07815061 -0.06287153
 -0.05166882]",0
"[ 0.0175786  -0.03315798  0.0333016  ... -0.01589792 -0.02449487
 -0.11531209]",0
"[-0.07785995 -0.00918303 -0.01493756 ... -0.12485872 -0.08379516
 -0.09478034]",0
"[-0.10890686 -0.01348765  0.02811586 ... -0.0997125  -0.02916406
 -0.08110384]",0
"[-0.07009226  0.07188302 -0.00239907 ... -0.05090232  0.03769012
 -0.03324554]",1
"[-0.08007102  0.07483843  0.01742052 ... -0.05599589 -0.00160403
 -0.02445253]",0
"[ 0.02560393 -0.03481523  0.14318082 ... -0.00808774 -0.05301491
  0.06297573]",0
"[ 0.04343988  0.06196825  0.04217061 ... -0.08744894  0.09705622
  0.01987214]",0
"[-0.04085001 -0.05342878  0.09643664 ... -0.09313597 -0.02371294
 -0.15312849]",0
"[-0.07731628  0.04468787  0.04752763 ... -0.09899296  0.03600934
 -0.07278831]",0
"[ 0.04748587  0.04561814  0.05007797 ... -0.06632636 -0.07478923
 -0.01753452]",0
"[-0.04634323 -0.01413637  0.05904059 ... -0.14027167 -0.13505692
 -0.01861905]",0
"[-0.00633148 -0.03149752 -0.01746304 ... -0.02122629 -0.01631601
  0.03728188]",0
"[-0.00832304  0.10926499  0.0635127  ... -0.02778265 -0.08722909
 -0.04939645]",0
"[ 0.07067915  0.09438103 -0.12043768 ... -0.01903049 -0.05024155
 -0.03945412]",0
"[-0.02788795 -0.0685041   0.02530339 ... -0.08088055 -0.05167541
  0.03395395]",0
"[ 0.03568658  0.08415236  0.04735818 ... -0.12570875 -0.09878443
  0.08392661]",0
"[ 0.06207609 -0.06037922  0.0281071  ... -0.0480104  -0.04143217
 -0.12398461]",0
"[-0.02540437  0.04298463  0.05198754 ... -0.00835407 -0.06931708
  0.07803391]",0
"[-0.07914708  0.04077561  0.08968488 ... -0.01490628  0.01551378
  0.04337147]",0
"[ 0.00550933  0.01104073  0.04343405 ... -0.08586171  0.09249027
  0.07036288]",0
"[-0.0789908   0.13689961  0.09844946 ... -0.02752466 -0.08680473
 -0.04625489]",0
"[-0.00459111  0.05983636 -0.06479174 ... -0.01325691 -0.01037016
  0.03875609]",0
"[ 0.00935902 -0.03045894 -0.07604711 ... -0.03913427 -0.05367135
 -0.03963578]",0
"[ 0.11151094  0.01714457  0.04315482 ... -0.08017639 -0.00729564
 -0.02019586]",1
"[-0.02316362  0.05457467  0.01371665 ... -0.10112215  0.02826983
 -0.0683627 ]",0
"[-0.05067882  0.06715733  0.01308018 ... -0.02064549 -0.03599676
 -0.07885764]",0
"[-0.01951567  0.01235062  0.04029258 ... -0.10286006  0.00816485
  0.03401849]",0
"[ 0.00581906  0.01996269  0.02929437 ... -0.01111618 -0.03011933
  0.0189127 ]",0
"[ 0.05431722  0.14481164  0.07009678 ... -0.06441627 -0.03808574
 -0.02458554]",0
"[-0.03287168 -0.02096734  0.09126008 ... -0.09163711 -0.05856936
 -0.05367186]",0
"[-0.05198748  0.05368088  0.10508029 ... -0.10148139  0.00678603
  0.02281313]",0
"[ 9.35989504e-04  1.05387858e-01  5.00353534e-03 ... -3.76360647e-02
 -1.10151442e-02 -2.22056870e-05]",0
"[ 0.01375393  0.05540471  0.01110379 ...  0.01350688 -0.00865846
 -0.04014524]",0
"[-0.00780565 -0.03269276  0.04336394 ... -0.02479703 -0.02821241
 -0.04068048]",0
"[ 0.03647015  0.05244803  0.0613049  ... -0.12980852 -0.08241964
  0.11940592]",0
"[-0.04309242 -0.02076901  0.02889848 ... -0.10489511  0.02315118
  0.11221855]",0
"[-0.02880904 -0.02028472  0.00868381 ... -0.02364755 -0.03054922
 -0.03696548]",0
"[-0.03948164 -0.02134761  0.0254485  ... -0.1857523  -0.0412114
  0.06001622]",0
"[-0.05316552  0.05874744  0.08782263 ... -0.08643118 -0.05747082
 -0.06369318]",0
"[ 0.02122086  0.04466168 -0.00211807 ... -0.0484859  -0.01989509
  0.00785544]",0
"[-0.06720581  0.06455729  0.03202517 ... -0.09020329  0.01647173
 -0.1053828 ]",0
"[ 0.01328251  0.04623495  0.05497932 ... -0.03488315 -0.04997443
  0.07796534]",0
"[ 0.01336931  0.1052183  -0.01997007 ... -0.04283273 -0.06927186
  0.0194553 ]",0
"[-0.06607312  0.01946277  0.04252187 ... -0.33120743  0.02314838
  0.426202  ]",1
"[ 0.79460336  0.97808474  0.91872421 ... -0.0432202   0.03611393
 -0.02281653]",1
"[-0.00500029  0.02599707  0.00462066 ... -0.10116162 -0.05299064
 -0.09255463]",0
"[-0.03679666 -0.02835769 -0.06743821 ...  0.02228272 -0.12383961
 -0.05407966]",0
"[ 0.04856044 -0.07994165 -0.0376029  ... -0.0331004   0.0113073
 -0.0553315 ]",0
"[-0.03622908 -0.02216164  0.08980715 ... -0.05555688  0.11348963
  0.00255958]",0
"[ 0.01087533  0.00204857  0.0516634  ... -0.14701887 -0.0905622
 -0.08135496]",0
"[ 0.02762705  0.06181863  0.02815198 ... -0.02800202 -0.08257027
 -0.02176409]",0
"[ 0.08076265 -0.04504866  0.03005068 ... -0.06911863 -0.07930972
 -0.00975794]",0
"[-0.03778709  0.03702194 -0.01648136 ... -0.05861997 -0.00880138
  0.02122994]",0
"[-0.03531604  0.02319997  0.02942186 ... -0.10621175 -0.03841017
  0.02497936]",0
"[ 0.04629097  0.00260965  0.00767025 ... -0.06829608 -0.01495817
 -0.18883239]",0
"[ 0.02316417 -0.02179075  0.00030194 ...  0.02986426 -0.02633485
 -0.05239812]",0
"[-0.04427389 -0.02838563  0.08217215 ... -0.05586024 -0.07659062
  0.01284462]",0
"[-0.00721435  0.04405711  0.05673061 ... -0.06020189 -0.11069772
 -0.11549017]",0
"[ 0.01020852  0.02504197  0.05712605 ... -0.10098975 -0.01584852
 -0.06435221]",0
"[-0.01228978  0.01466351  0.04295065 ... -0.0532444  -0.05234032
  0.03777889]",0
"[-0.06935317 -0.0437692  -0.00090049 ... -0.05595453 -0.06774301
 -0.01964847]",0
"[-0.03618046 -0.01143436  0.03842831 ... -0.04120428 -0.08484471
 -0.0177674 ]",0
"[ 0.03860471  0.08236757  0.13329696 ...  0.02186201 -0.10943762
 -0.01907481]",0
"[ 0.09842832  0.12111605 -0.04076591 ... -0.00514526 -0.06502673
 -0.01840558]",0
"[ 0.08908152 -0.03734239  0.11985775 ... -0.0200499  -0.01591547
 -0.01757275]",1
"[ 0.01574393  0.06777208 -0.00199256 ... -0.01233534 -0.04669034
 -0.02627602]",0
"[ 0.00293004  0.0516868  -0.03361047 ... -0.15908093 -0.0382759
 -0.03337542]",0
"[ 0.00816623  0.09644805  0.01904105 ...  0.01480804 -0.02310126
  0.05335492]",0
"[-0.01275603  0.13865888  0.01664907 ... -0.06027409 -0.03792126
  0.00182961]",0
"[-0.02870634  0.05092757  0.07121545 ... -0.09478167 -0.00295831
 -0.02012259]",0
"[-0.02876221 -0.04952158  0.05844154 ... -0.09526959 -0.08313449
 -0.0571856 ]",0
"[-0.03829836 -0.01889489  0.04783866 ... -0.036005   -0.00306227
 -0.0225457 ]",0
"[ 0.06101184 -0.06639127  0.01734919 ... -0.02813974  0.02480387
 -0.02183833]",0
"[ 0.06615457 -0.02451646 -0.07099457 ... -0.07252545 -0.09178895
 -0.07851976]",0
"[ 0.09379996 -0.04755908  0.07755066 ... -0.05730897  0.00037963
 -0.07237446]",0
"[ 0.02952553  0.05161606  0.01576576 ... -0.03597894 -0.05421102
 -0.11507838]",0
"[-0.0760231  -0.05987354  0.08450431 ... -0.02608432 -0.06864384
  0.03565002]",0
"[ 0.00965537 -0.00217964  0.1364276  ... -0.07019075 -0.06893693
 -0.03378002]",0
"[ 0.0530447  -0.07558745  0.06234595 ... -0.05047437 -0.10778703
 -0.00244832]",0
"[-0.059864    0.00057175 -0.02157685 ... -0.05079973  0.01458357
 -0.04896318]",0
"[-0.05844909  0.05526991  0.06992444 ... -0.05543102 -0.06702597
 -0.01974209]",0
"[ 0.03893327  0.04762264  0.07337133 ... -0.0084355  -0.01113373
  0.0131116 ]",0
"[-0.0157209   0.06194194  0.03243707 ... -0.06666107 -0.01889857
 -0.06024358]",0
"[ 0.05203135  0.06137915 -0.00098548 ... -0.11516229 -0.00088521
  0.00076042]",0
"[ 0.03659411  0.01899411  0.09076756 ... -0.04567661  0.03827062
 -0.08807936]",1
"[-0.01525871  0.14603777  0.01649331 ... -0.00101073 -0.09351414
 -0.04451875]",0
"[-0.01343245  0.09695764  0.07044122 ... -0.08042593  0.01027352
  0.02124829]",0
"[-0.06917451 -0.05380103  0.05620374 ...  0.00642049 -0.04510354
 -0.04518993]",0
"[-0.05428819  0.04918239  0.04504464 ... -0.06128142 -0.05325887
 -0.0633927 ]",0
"[ 0.02781873  0.04895763 -0.00625053 ... -0.03260953 -0.04239409
 -0.10787927]",0
"[ 0.01604043  0.03245883  0.11655777 ... -0.07276079 -0.0004442
 -0.05248504]",0
"[-0.02014648  0.03522606  0.03970412 ...  0.07329073 -0.08525869
  0.03738632]",0
"[-0.00106792 -0.01943755  0.02238444 ... -0.10285157 -0.09503468
  0.03373135]",0
"[ 0.00607809 -0.00870446  0.13626846 ... -0.06086481 -0.03574293
 -0.02576964]",0
"[-0.05131337 -0.01955     0.0836635  ... -0.17527227 -0.02857221
  0.00949994]",0
"[ 0.13944952 -0.01946078  0.00591275 ... -0.12654965  0.02244781
  0.02392947]",0
"[-0.03048134  0.03170691  0.033353   ... -0.0863861  -0.00931934
 -0.1426379 ]",0
"[ 0.07311454  0.00712649  0.02903003 ... -0.02517976 -0.06649858
 -0.08090266]",0
"[ 0.06191124  0.05937125  0.05917846 ... -0.04694922 -0.00508008
 -0.03117363]",0
"[ 0.04387057 -0.06143934  0.12745874 ... -0.0821196  -0.04389682
  0.00559388]",0
"[ 0.06899336  0.09165945 -0.04043548 ... -0.13419748 -0.07422499
  0.03872506]",0
"[ 0.06581768  0.0017152   0.05819712 ... -0.05059987 -0.08058653
  0.02114319]",0
"[-0.02933228 -0.00637942 -0.01348877 ... -0.07212879 -0.11874407
 -0.03127146]",0
"[ 0.04454238  0.02761064  0.08218929 ...  0.00369011 -0.07112889
  0.00186129]",0
"[ 0.02615285 -0.04901168  0.07218154 ... -0.12390901 -0.11157858
 -0.05276977]",1
"[-0.02564998 -0.0505799   0.06289989 ...  0.02280029 -0.03445068
 -0.03596457]",0
"[-0.04158396 -0.00963718  0.09619052 ... -0.13464497  0.00098768
 -0.13476245]",0
"[-0.08245334  0.01691545 -0.0048062  ... -0.20213702 -0.07001684
  0.08281249]",0
"[-0.09131755  0.04958255  0.06886525 ... -0.07923312 -0.09761386
 -0.0385028 ]",0
"[-0.05273892  0.06244493  0.05063588 ... -0.09078092 -0.06870193
  0.00935007]",0
"[ 0.04702797  0.0470735   0.08268737 ... -0.05944129 -0.00765087
 -0.04807879]",0
"[ 0.00545692  0.06088077  0.09638478 ... -0.09026296 -0.00673025
  0.01129344]",0
"[ 0.09568312  0.08560312  0.05129959 ... -0.09143574  0.0542872
 -0.10024517]",0
"[ 0.03296809  0.01743213  0.04058022 ...  0.00381297 -0.05536588
 -0.06761793]",0
"[ 0.00356894  0.01422389  0.04741933 ... -0.05669629 -0.0814607
 -0.00889229]",0
"[ 0.08924667 -0.03297855 -0.09075209 ... -0.05181046 -0.05282391
  0.06984637]",0
"[-0.03733242 -0.04352623  0.02497417 ... -0.04399839 -0.05207218
  0.0462845 ]",0
"[ 0.05477011 -0.03939654  0.02305892 ... -0.0817313  -0.00122056
 -0.08312932]",0
"[ 0.03463632  0.09276495 -0.03022638 ... -0.08818867 -0.02327824
  0.00550479]",0
"[-0.04438729  0.01069292 -0.00224994 ... -0.11175044 -0.08980163
 -0.05080064]",0
"[-0.02187682  0.10569834  0.05531871 ... -0.07186412 -0.14427494
 -0.01407235]",0
"[-0.0751886  -0.05642162  0.0265212  ... -0.01114843 -0.09685151
  0.01184522]",0
"[-0.02649112 -0.01281629  0.0650653  ... -0.00903368 -0.04482541
 -0.04981003]",0
"[-0.02633705  0.02014626  0.03445787 ... -0.06406955 -0.03146516
 -0.05824921]",0
"[-0.03220036  0.03309047  0.05263854 ... -0.6626449   0.33441164
  0.96390742]",1
"[ 0.32388771 -0.77040329 -0.99876098 ... -0.10846333 -0.12375279
 -0.07913469]",1
"[ 0.0286047  -0.04065774  0.07794105 ... -0.02887205  0.0483521
 -0.02506141]",0
"[ 0.10257194  0.06201026  0.03485444 ... -0.17745828 -0.06870905
 -0.12509196]",0
"[ 0.06747088 -0.003085    0.04001876 ... -0.05318042  0.0459083
  0.04173487]",0
"[-0.05990119 -0.10317749 -0.01830788 ...  0.04542982 -0.03915257
 -0.03433643]",0
"[-0.00332893  0.00674892 -0.02968678 ...  0.01441023 -0.11080125
  0.01898422]",0
"[ 0.02047234 -0.00225872  0.05617274 ... -0.12975012  0.04385487
 -0.14359146]",0
"[-0.06868446  0.08594195  0.03155808 ... -0.04727765 -0.03569268
 -0.04724379]",0
"[-0.04174469 -0.01771909  0.01141543 ...  0.00287426 -0.10039919
 -0.01097273]",0
"[ 0.03458872 -0.04938785  0.10527807 ... -0.08198417  0.03944134
 -0.01579569]",0
"[-0.02444746 -0.06217583 -0.03391744 ... -0.07547976 -0.08013494
 -0.02294432]",0
"[-0.01303149 -0.04779745  0.12917398 ... -0.1105783  -0.01732092
  0.0518885 ]",0
"[ 0.09203405  0.10691248 -0.05074635 ... -0.10792592 -0.01596012
 -0.08862052]",0
"[-0.01421916  0.02541745  0.03662606 ... -0.0864716  -0.10912087
 -0.02505668]",0
"[ 0.00907236 -0.13608964  0.0368271  ... -0.09928551 -0.11636638
 -0.08933321]",0
"[ 0.02786444  0.0078828   0.02662    ... -0.02898657  0.02300741
  0.00088749]",0
"[-0.12407822 -0.05267605  0.03724584 ...  0.00680162  0.06279014
 -0.05947408]",0
"[ 0.08453111 -0.02569524  0.04711532 ... -0.13291676 -0.0384739
  0.00430917]",0
"[-0.02906731 -0.13290608  0.02112438 ... -0.06139146 -0.06567021
 -0.01489754]",0
"[-0.05776868  0.01049557  0.11296477 ... -0.05836416 -0.08308075
  0.01530524]",0
"[ 0.01631098  0.04413603  0.06779164 ... -0.05166746  0.30778873
 -0.00744998]",1
"[-0.01202726  0.08068273  0.01698381 ... -0.09596221 -0.02835938
 -0.01083784]",0
"[-0.01041097  0.10018825 -0.00800841 ... -0.08664788 -0.00752204
 -0.05397564]",0
"[-0.03733944  0.04134058  0.02567922 ... -0.04232371 -0.08427517
 -0.00232994]",0
"[-0.07310559  0.03141816 -0.03083814 ... -0.02865783 -0.05141632
 -0.04241954]",0
"[ 0.11471374 -0.06255224  0.07073112 ... -0.14284423 -0.02734237
 -0.07656383]",0
"[ 0.017251    0.05370554 -0.03119899 ...  0.01330897 -0.04363729
  0.00945894]",0
"[ 0.00343721  0.08199278  0.02484806 ... -0.03649737 -0.03420568
 -0.03918725]",0
"[-0.02089898 -0.03990196  0.02955596 ... -0.14071309  0.00097233
 -0.077895  ]",0
"[-0.06491056 -0.01305231  0.06905912 ... -0.02950325 -0.09890825
  0.00676367]",0
"[-0.06507441  0.12794712  0.08422785 ... -0.01620202  0.01075715
 -0.0621914 ]",0
"[-0.02150985 -0.09203801  0.05902578 ... -0.49352256  0.06223189
 -0.02734604]",0
"[ 1.46443397e-02  8.60385170e-02  3.76273184e-05 ... -1.33430550e-01
 -1.32219200e-01 -1.40361920e-01]",0
"[ 0.00754479 -0.04610014  0.02551435 ... -0.0356359   0.02418291
 -0.02099054]",0
"[-0.00022818  0.10521727  0.02324749 ... -0.09151902 -0.02856836
 -0.03239911]",0
"[-0.12819027  0.01412886  0.01297863 ... -0.0857099  -0.05063308
 -0.03324588]",0
"[-0.01395494  0.16901176  0.10820128 ... -0.07106471 -0.03488341
 -0.04294928]",0
[0.00076591 0.0203052  0.04676371 ... 0.04214362 0.0002509  0.03655119],0
"[-0.10504574 -0.03783128 -0.03271535 ... -0.16044087 -0.04934846
 -0.03461603]",0
"[-0.00747208  0.05665304  0.06651838 ... -0.00295255 -0.05856316
  0.0339329 ]",0
"[ 0.0249595   0.00350981  0.09438017 ... -0.04167427  0.01171297
 -0.02628735]",1
"[ 0.06494475 -0.00238635 -0.01172332 ... -0.11781784 -0.01716608
 -0.02078593]",0
"[-0.07288577  0.06361761  0.11072219 ... -0.10608467  0.03252892
 -0.05475284]",0
"[-0.01507608  0.02067025 -0.02228678 ... -0.06046732  0.02483223
  0.09556565]",0
"[ 0.01078084  0.05593418  0.05111321 ... -0.06694838  0.01038705
 -0.06022388]",0
"[-0.05028996 -0.04189394  0.10942972 ...  0.02293369  0.01839502
 -0.09942582]",0
"[ 0.04193071  0.1278489   0.03918345 ... -0.05869649 -0.04906489
  0.00360226]",0
"[ 0.01674971  0.09097015  0.05897226 ... -0.07087339 -0.05171839
  0.0223251 ]",0
"[-0.04098584  0.02791353  0.00785838 ...  0.00347233  0.05828836
 -0.00714668]",0
"[-0.0067774   0.0125277   0.02555918 ... -0.1555707  -0.03328889
 -0.07449603]",0
"[-0.02152264  0.06487679 -0.03182339 ... -0.08337931 -0.00026121
 -0.0413807 ]",0
"[ 0.03228766  0.00668192 -0.01648474 ... -0.03979874 -0.01238092
 -0.05318288]",0
[0.03721637 0.03245024 0.03155416 ... 0.01599532 0.04286578 0.05451783],0
"[ 0.01446922  0.03438278 -0.04154941 ... -0.08853645 -0.03287511
  0.04247133]",0
"[ 0.06971034 -0.02429066  0.04333055 ... -0.1425381   0.00404574
 -0.02579798]",0
"[-0.02106173  0.05120353 -0.04512527 ... -0.0474495  -0.05360332
 -0.03958052]",0
"[-0.02348787  0.13452127  0.00992586 ... -0.08496962 -0.02498222
 -0.0399164 ]",0
"[ 0.08907897  0.01626216  0.01961082 ... -0.01865811  0.00732104
 -0.04642987]",0
"[-0.00979905  0.01154924 -0.08635465 ... -0.00053326 -0.06018001
 -0.03406153]",0
"[ 0.03806048  0.11933368  0.01117814 ... -0.0217491  -0.09785996
 -0.02348494]",0
"[ 0.03265555  0.05824849  0.03385917 ...  0.63132954 -0.07716213
 -0.77142594]",1
"[-1.08993518 -0.77758139 -0.07526068 ... -0.07204385 -0.05176737
 -0.04142549]",1
"[ 0.03571576 -0.05195353  0.09050971 ... -0.10589994 -0.04518058
  0.00421287]",0
"[ 0.06214856 -0.00975281 -0.32197401 ... -0.17892559 -0.05082898
 -0.04675601]",0
"[-0.03527355  0.02107461  0.04141243 ...  0.01483903 -0.03069272
 -0.09906233]",0
"[-0.04224891  0.05696078  0.02637397 ... -0.12777267 -0.01840386
 -0.05754085]",0
"[ 0.0105375  -0.04441896  0.04591365 ...  0.00217741 -0.09963613
 -0.03809046]",0
"[-2.11960793e-02  1.56907232e-05 -3.69370479e-03 ...  4.40701498e-02
 -3.30885473e-02 -2.17283464e-02]",0
"[-0.04335704 -0.0020405  -0.01186602 ... -0.07367117 -0.04760506
  0.05170466]",0
"[ 0.01063152  0.01729133  0.00536737 ... -0.17810959 -0.11725003
 -0.05424806]",0
"[-0.03299751  0.05270391  0.11847496 ... -0.02803539 -0.03467803
  0.0156007 ]",0
"[ 0.01661315 -0.00219597 -0.0603066  ... -0.05051791 -0.01825618
 -0.09775233]",0
"[-0.06170259  0.07772158  0.07102818 ... -0.09080258 -0.01957164
 -0.04345824]",0
"[-0.06707691  0.00725436  0.04177604 ... -0.0261084  -0.01618544
 -0.04752018]",0
"[ 0.05780217  0.04992129  0.06671585 ... -0.11575984 -0.13290845
 -0.02524424]",0
"[ 0.01806491  0.06098772  0.00442698 ... -0.10216324  0.02400006
  0.06507302]",0
"[ 0.06296714  0.10036428 -0.03070848 ...  0.00946279 -0.03183049
  0.00073838]",0
"[ 0.01928262  0.06319222  0.10965168 ... -0.06402505 -0.05586416
 -0.02857093]",0
"[ 0.05070817  0.01691916  0.00586608 ... -0.13925416  0.03089841
  0.00413585]",0
"[ 0.04447114  0.01509406  0.10548062 ... -0.10708884  0.05584855
 -0.09319891]",0
"[ 0.04720491  0.04915556  0.05867139 ... -0.06025816 -0.00027003
  0.05828964]",0
"[-0.03876881  0.02795048  0.12699796 ...  0.02496956  0.01748312
 -0.02203467]",1
"[ 0.0214152   0.0784616   0.0240111  ... -0.07797404 -0.10388243
 -0.02118376]",0
"[ 0.01274602 -0.0048144   0.04376597 ... -0.11202695 -0.03875509
 -0.08742645]",0
"[ 0.01481521  0.00193252  0.03088251 ... -0.11607671 -0.00610564
 -0.02667929]",0
"[ 0.01459201  0.07730579  0.06404593 ... -0.16329899 -0.04022148
 -0.15831302]",0
"[-0.0196037   0.12235732  0.05213985 ... -0.10679866 -0.04008278
 -0.0700648 ]",0
"[ 0.14526555  0.02993646  0.0252172  ... -0.03643978  0.08200616
 -0.08853552]",0
"[ 1.42960290e-01  2.99527524e-02  4.38526024e-02 ... -1.55395208e-01
 -1.45190042e-04 -4.77639754e-02]",0
"[-0.02209917 -0.02259196  0.1082701  ... -0.05256185 -0.05933483
  0.03843729]",0
"[-0.03098589 -0.02973849  0.07532792 ... -0.09337812 -0.0396707
 -0.03362857]",0
"[ 0.06906127  0.04307481  0.02841457 ... -0.01946772 -0.02771848
  0.0839666 ]",0
"[ 0.01364529 -0.04043684  0.07461487 ... -0.06543649 -0.00570819
 -0.04271368]",0
"[ 0.02999693  0.02749352  0.05366267 ... -0.0908624  -0.05734376
 -0.06801359]",0
"[ 0.15057033 -0.0302498   0.07080859 ...  0.04350436 -0.00140923
 -0.12761669]",0
"[ 0.0895658   0.07188198  0.04965663 ... -0.14310663  0.0131489
 -0.05084438]",0
"[ 0.00314189  0.00309464  0.0678219  ... -0.07554112 -0.07240742
  0.02734126]",0
"[-0.01308758  0.02582737  0.04546248 ...  0.00024741  0.00662994
 -0.04619301]",0
"[-0.01927797  0.07371225  0.06320706 ... -0.08299845  0.06150828
  0.02263956]",0
"[ 0.11706269  0.07169899  0.05432939 ... -0.17269301  0.05335001
  0.05016495]",0
"[-0.01348132  0.09940302  0.07401257 ... -0.03274891 -0.03072606
  0.04242774]",0
"[ 0.05571455  0.08712715  0.00781024 ... -0.13841102 -0.08839717
  0.00317135]",1
"[ 0.03336316 -0.02852298 -0.01887133 ... -0.11285327 -0.06508211
  0.0116078 ]",0
"[ 0.05215848 -0.00355646  0.00114615 ... -0.04039116 -0.08533226
 -0.04745739]",0
"[-0.02981265  0.07853446  0.00952504 ... -0.0879152  -0.10632987
  0.02897225]",0
"[-0.03161473 -0.06177731  0.00872824 ... -0.08484675 -0.06098691
 -0.02619392]",0
"[-0.00376246  0.04290255  0.02966891 ... -0.09345436  0.02793394
 -0.03276228]",0
"[-0.03687035 -0.03001474  0.02881671 ... -0.1162088  -0.06870252
  0.01620199]",0
"[-0.06130964  0.062611    0.14266686 ...  0.01714081 -0.10024729
 -0.00096002]",0
"[ 0.04046333  0.0314752   0.10353024 ... -0.14218541  0.00938802
 -0.01600605]",0
"[-0.02317374  0.04093733  0.09040275 ... -0.03036461 -0.04869779
 -0.0404737 ]",0
"[ 0.04402797  0.03361226  0.05102606 ...  0.02885262 -0.05830967
 -0.03440846]",0
"[-0.0426645   0.09995259  0.01612455 ... -0.1414468  -0.0628143
 -0.05236347]",0
"[ 0.03288493  0.03844781  0.01329212 ... -0.03716199 -0.11117843
 -0.07383038]",0
"[-0.00425551  0.08206742  0.05603761 ... -0.06396391 -0.01935803
  0.02309932]",0
"[-0.10713493  0.02688362  0.07744488 ... -0.05055981 -0.03829889
  0.00538836]",0
"[-0.02577272 -0.04352907  0.09460222 ... -0.0644211  -0.13189009
 -0.01778452]",0
"[-0.0512006   0.03282263  0.08175111 ... -0.18213102  0.03544087
  0.05384686]",0
"[-0.02677873  0.07912872  0.03353982 ... -0.10007343 -0.0380704
 -0.07267295]",0
"[ 0.0278557   0.07116564  0.05474185 ... -0.07778094 -0.08721179
  0.0551734 ]",0
"[ 0.00073632 -0.02800217  0.09245334 ... -0.11339538 -0.09803276
  0.01386529]",0
"[ 0.06305081  0.1330762   0.0296259  ... -0.43722294 -0.99575798
 -0.713684  ]",1
"[ 0.03678343  0.90670691  0.94116958 ... -0.0205634  -0.07246748
  0.04413625]",1
"[-0.01297114  0.00193521  0.13475116 ... -0.02552321 -0.05555706
 -0.11202053]",0
"[ 0.02296178 -0.06381848  0.08926013 ... -0.07300966 -0.09611179
  0.01946721]",0
"[-0.00914392 -0.02219397  0.10067197 ... -0.01946286 -0.06178192
 -0.06374723]",0
"[ 0.04913706 -0.05852797  0.02960397 ... -0.0856169  -0.01548401
  0.05736854]",0
"[-0.01530567  0.0949008   0.09255836 ...  0.04089437 -0.062964
  0.00712853]",0
"[-0.04370336  0.10438878  0.04207423 ... -0.02210341 -0.00254276
  0.0035323 ]",0
"[ 0.04352989  0.0374462   0.06073461 ... -0.11238534 -0.02898978
 -0.02521787]",0
"[-0.07503325  0.04860184  0.10879929 ... -0.12514302 -0.0555452
  0.03816182]",0
"[ 0.03547703 -0.01126732 -0.00909204 ...  0.01197603  0.01392303
  0.00414624]",0
"[ 0.01334175 -0.04513682  0.00475111 ... -0.11143578  0.01843724
 -0.00274087]",0
"[ 0.03449108 -0.01265897 -0.00220365 ... -0.0440073  -0.10648904
 -0.03718191]",0
"[ 0.06008719  0.06143556  0.05412967 ... -0.05516347 -0.09091528
 -0.15679217]",0
"[-0.04615388  0.02033285  0.01820908 ... -0.08470339 -0.03621853
 -0.03086763]",0
"[ 0.02774797  0.05703522  0.09047736 ... -0.11407933 -0.09718892
 -0.02138619]",0
"[ 0.01584193 -0.03249413  0.11521515 ... -0.04771282 -0.11289856
 -0.03001104]",0
"[ 0.01139254 -0.03531971  0.14855474 ... -0.0642202  -0.00678444
  0.00354859]",0
"[ 0.05085007  0.00496971  0.07770181 ... -0.05637365 -0.12999326
  0.0460713 ]",0
"[-0.01516965  0.03112968  0.09244027 ... -0.07520308 -0.05956372
 -0.02637725]",0
"[-0.11171745 -0.08526454  0.13912499 ... -0.07724186 -0.01232875
 -0.06197963]",0
"[ 0.09801906  0.01720006  0.11741589 ... -0.07097167 -0.05781909
 -0.03415034]",1
"[ 0.06714849 -0.03678774  0.06369266 ... -0.09073323 -0.05770536
 -0.10264394]",0
"[-0.03410424  0.00610648  0.04152281 ... -0.00018987 -0.03412842
 -0.12083408]",0
"[ 0.02416614 -0.00318189  0.06251515 ... -0.01724396 -0.06013245
  0.04240291]",0
"[ 0.01382937  0.0117584   0.08125998 ... -0.04025192  0.02462539
  0.0265847 ]",0
"[ 0.03615871  0.00183046  0.04540823 ... -0.10073736  0.00516213
 -0.01494995]",0
"[ 0.03145907  0.00857738  0.09890898 ... -0.06304191 -0.04036224
  0.05551885]",0
"[-0.03883448  0.02492098  0.06433134 ... -0.09294144 -0.0330043
 -0.09027893]",0
"[-0.09241015  0.00404043  0.01973834 ... -0.08884363 -0.08029357
 -0.0502832 ]",0
"[-0.06306558 -0.05142417  0.05882614 ... -0.00091359 -0.02767272
 -0.02870827]",0
"[-0.05212416  0.09517293  0.07099077 ...  0.01779725  0.01263443
  0.03536603]",0
"[ 0.01396419 -0.10813819  0.00407729 ... -0.05342664 -0.01173207
  0.01602276]",0
"[-0.04847477  0.00707303  0.06629945 ... -0.07372777 -0.01311152
 -0.0100249 ]",0
"[-0.04827572  0.01633487  0.01697845 ... -0.05717027 -0.02287228
 -0.03703909]",0
"[-0.02422305  0.04173971 -0.06237503 ... -0.04341277  0.01755885
 -0.07122308]",0
"[-0.00389524 -0.04717369  0.01161225 ...  0.00926475  0.0095629
 -0.08099273]",0
"[-0.02674942  0.07724977  0.06893123 ... -0.08068881 -0.13944355
 -0.02839412]",0
"[-0.02557207 -0.01439903  0.01913066 ... -0.06187931 -0.07313631
 -0.13640823]",0
"[-0.00313087  0.03238178  0.11857442 ... -0.05047023 -0.14326206
  0.01453383]",0
"[ 0.07980609  0.07644285  0.11294167 ... -0.0460364  -0.06029517
 -0.06588954]",0
"[ 0.0177961  -0.01286076 -0.02019972 ... -0.06360212 -0.04485565
 -0.06753349]",1
"[-0.05841159  0.05382047  0.13540153 ... -0.03857357  0.00301074
 -0.01294629]",0
"[-0.02619267  0.02109732  0.11268246 ... -0.00603544 -0.03996027
 -0.05416675]",0
"[-0.1337552   0.02937265  0.07380903 ... -0.01872194  0.08633893
 -0.10990216]",0
"[ 0.07209991  0.11628102  0.02734304 ... -0.08281055  0.05168459
 -0.03938239]",0
"[-0.04147506  0.09329148  0.04254073 ... -0.09340782 -0.03004114
 -0.03249806]",0
"[-0.00779036  0.09390673  0.12603871 ... -0.11345704  0.00040432
 -0.06136205]",0
"[ 0.08683882  0.005305    0.10574716 ... -0.00416876 -0.00502857
 -0.06628605]",0
"[ 0.02372665  0.02048403 -0.01051438 ... -0.04494772 -0.12581419
 -0.01712989]",0
"[-0.00509213  0.05770348  0.02501581 ...  0.01374101 -0.01559618
 -0.00177729]",0
"[-0.01467847  0.06617844  0.01886816 ... -0.08698872 -0.09883919
 -0.07007584]",0
"[ 0.00013777 -0.00928703 -0.00677677 ... -0.04339257 -0.05014616
 -0.11087157]",0
"[-0.07659846  0.01134087  0.06524279 ... -0.08612816 -0.08409332
  0.09128447]",0
"[ 0.05155011  0.03056374  0.09128594 ... -0.07261641 -0.04395632
 -0.02326636]",0
"[-0.09164752 -0.06172806  0.06472724 ... -0.07150102  0.02808683
 -0.09331753]",0
"[ 0.05317033  0.09591518  0.02287223 ...  0.0112071  -0.05326298
 -0.03643581]",0
"[-0.09012705 -0.01259331 -0.0201892  ... -0.07252313  0.036459
  0.04407368]",0
"[-0.05253484 -0.07257447  0.06386103 ... -0.03000384  0.0018977
 -0.01528884]",0
"[ 0.02094296  0.05681144  0.0349446  ... -0.06771278 -0.08365252
 -0.04002687]",0
"[ 0.06910414  0.02750257  0.03041754 ... -0.08391174  0.01438532
 -0.05446649]",0
"[-0.05287199  0.07630564  0.07204936 ...  0.56697063 -0.85664479
 -0.34995889]",1
"[ 0.94355681  0.10147696 -0.92332594 ... -0.06171385  0.00418981
  0.0070619 ]",1
"[ 0.06307729  0.09398298 -0.00363991 ... -0.06535674 -0.05066179
 -0.02914674]",0
"[-0.06384801 -0.01510552 -0.00190196 ... -0.05991438 -0.11831602
  0.0050215 ]",0
"[-0.0470154  -0.01212139 -0.09143608 ... -0.04979754 -0.04832118
 -0.07028501]",0
"[ 0.02775242  0.0255835   0.08196658 ...  0.00412776 -0.08450248
 -0.00618604]",0
"[-0.01520608  0.04894903  0.03073305 ... -0.10642667 -0.15889719
 -0.07555791]",0
"[-0.08099376 -0.00895603  0.01223067 ... -0.07431698 -0.00283612
 -0.05571872]",0
"[-0.05289027 -0.06645353  0.02681243 ... -0.11992916 -0.02414833
  0.07204827]",0
"[-0.09745653  0.05324294  0.14678809 ... -0.01791416  0.03295978
 -0.01884113]",0
"[-0.09464278  0.04229546 -0.01036521 ... -0.02822679 -0.09403398
 -0.03194298]",0
"[ 0.02112839  0.05073479  0.11994591 ... -0.03242888 -0.11659234
 -0.02865179]",0
"[-0.05160642 -0.02970189  0.04498669 ... -0.10852282  0.04767071
  0.08485261]",0
"[-0.09244995  0.02795971  0.07878372 ... -0.07578588 -0.02443231
 -0.12605663]",0
"[ 0.04749993  0.05676341  0.04373673 ... -0.02861822  0.0113573
  0.02655621]",0
"[-0.07358098 -0.0080481   0.05835134 ... -0.08190748 -0.06704664
 -0.09617598]",0
"[ 0.12138774  0.03104227  0.05980817 ... -0.00911615 -0.02044743
 -0.00651779]",0
"[ 0.11961696 -0.05897598 -0.01812749 ... -0.06507074 -0.02158762
  0.00543311]",0
"[-0.04171657  0.05842234  0.00169679 ... -0.01523391 -0.09230012
 -0.02624825]",0
"[-0.05214908 -0.03935258  0.13686862 ... -0.05669237 -0.00067967
 -0.01479611]",0
"[-0.05235279 -0.00856435  0.02881825 ... -0.02315978 -0.02584717
 -0.04946745]",0
"[-0.0035813   0.00818682  0.00024133 ... -0.08079379 -0.04114895
 -0.04253215]",1
"[ 0.02014874  0.05849456  0.02876729 ... -0.13809592 -0.04113849
  0.05997808]",0
"[-0.02856021  0.038545    0.10058275 ... -0.05928514 -0.03923993
 -0.06141352]",0
"[ 0.04992203  0.02643058  0.14090201 ... -0.09709198 -0.0642641
 -0.03390114]",0
"[ 0.06175409  0.03660194 -0.00279089 ... -0.05604952 -0.0071383
  0.02503157]",0
"[ 0.08461176  0.03601735  0.00242332 ... -0.03817178 -0.0006469
 -0.07741633]",0
"[-0.05388866 -0.03930003 -0.00330975 ... -0.04005692 -0.0637686
 -0.07922404]",0
"[-0.12069523 -0.00414672  0.09733673 ... -0.05894375 -0.0219885
  0.02306423]",0
"[ 0.04068438 -0.04194891 -0.06751491 ...  0.04241954 -0.07804499
  0.00032821]",0
"[ 0.0087195   0.01185437  0.15341799 ... -0.08456578 -0.06544554
 -0.01934911]",0
"[ 0.0472501   0.07335243 -0.02685262 ... -0.0655029  -0.00493621
 -0.0276426 ]",0
"[-0.00728798  0.0045369   0.06524787 ...  0.02761398 -0.03672215
 -0.00611318]",0
"[-0.02342244 -0.01792867  0.02514561 ... -0.10362259  0.03099783
 -0.04613305]",0
"[-0.02596394 -0.02191112 -0.02098409 ... -0.0379617  -0.03981049
 -0.0239947 ]",0
"[ 0.03009787  0.08111738  0.07670602 ... -0.10184153 -0.02982943
 -0.12316862]",0
"[ 0.03074236 -0.04765101  0.02861979 ... -0.10659388  0.02260355
  0.05851998]",0
"[ 0.0550178   0.02740033  0.10979391 ... -0.02733984  0.04290715
  0.0364066 ]",0
"[ 0.00838355  0.05825992  0.08837274 ... -0.12941002  0.03354334
  0.01394015]",0
"[ 0.04923065  0.03152343 -0.01117699 ... -0.03463769 -0.10677251
 -0.10145346]",0
"[ 0.00303835  0.00305627  0.11800922 ... -0.03173283 -0.07587286
 -0.05648541]",0
"[ 0.02450039 -0.03335601 -0.04473018 ... -0.00810573 -0.07364121
 -0.07828348]",1
"[ 0.14453769  0.05583483  0.01705053 ... -0.04311375 -0.00824165
 -0.01898988]",0
"[-0.01138462 -0.02446314  0.05943417 ... -0.0780915  -0.04360599
 -0.10422036]",0
"[-0.04319268 -0.03126199  0.10808167 ... -0.02214388 -0.03397475
  0.02545151]",0
"[-0.01565197 -0.13701747  0.05511369 ... -0.07525265 -0.0822327
 -0.01079858]",0
"[-0.08764391 -0.03291888  0.04785787 ...  0.02450217 -0.01193646
  0.00223534]",0
"[ 0.03579547 -0.01877203 -0.03319434 ... -0.04871542 -0.02840958
  0.00197372]",0
"[-0.05611052 -0.01899875  0.06699537 ... -0.08752282 -0.06161878
 -0.06667376]",0
"[-0.03318942 -0.0155325   0.09307578 ... -0.04869246  0.02890302
  0.05548289]",0
"[-0.05106729 -0.02625137 -0.01644858 ... -0.1241047  -0.03945045
  0.01406168]",0
"[ 0.02395735 -0.00090545  0.03893117 ... -0.02282297 -0.03533867
 -0.03745357]",0
"[-0.01163049 -0.09859855 -0.0387398  ... -0.11502813 -0.05358952
  0.00124828]",0
"[ 0.03236914 -0.03906079  0.06374165 ... -0.04265996 -0.08345694
  0.0023747 ]",0
"[ 0.05948794 -0.02147384 -0.05591319 ... -0.02214509  0.13892623
 -0.03739537]",0
"[ 0.0574815   0.04952791  0.07125302 ... -0.10716438 -0.04333962
  0.01740947]",0
"[-0.01011503  0.11242381  0.0763055  ...  0.0131048   0.00526747
  0.0424531 ]",0
"[-0.02624862  0.06265456 -0.00063251 ... -0.0212725  -0.05968296
 -0.11699082]",0
"[-0.00472247  0.04297525 -0.02115815 ... -0.07349182  0.00762336
 -0.01128836]",0
"[-0.09404238  0.04266908  0.04579582 ... -0.09124008 -0.19215939
  0.06301896]",0
"[ 0.01477574 -0.0366767   0.01844451 ... -0.01322914 -0.01630221
 -0.04981024]",0
"[-0.09905633  0.09016012  0.09164562 ... -0.07777573 -0.03383687
 -0.0461717 ]",1
"[ 0.02422994  0.00074667  0.09118122 ... -0.02860809 -0.05567161
 -0.01044749]",0
"[-0.04581109  0.03583668 -0.02002378 ... -0.04951127  0.10104359
  0.06049939]",0
"[ 0.10274684  0.05585949  0.11204073 ... -0.0717206  -0.03310679
 -0.04435403]",0
"[ 0.00573719  0.0669801   0.07730593 ...  0.08124808 -0.09792578
  0.03862463]",0
"[ 0.0585931   0.0596778   0.05802541 ... -0.00445107 -0.0275218
 -0.01278087]",0
"[-0.01997461  0.02009284 -0.03481654 ... -0.00511994 -0.07059775
 -0.01059822]",0
"[ 0.01501139  0.02810337  0.08176982 ... -0.05657451 -0.01705799
 -0.12708042]",0
"[-0.01294109 -0.00133803  0.05870121 ... -0.09220949 -0.07723565
 -0.12858492]",0
"[ 0.07367722 -0.03110653  0.08260865 ... -0.12334295 -0.1299367
 -0.09396251]",0
"[-0.08602665  0.07291538  0.09464611 ... -0.00123133 -0.01672399
 -0.0297716 ]",0
"[ 0.01601956  0.04480498 -0.01465746 ... -0.0095646  -0.03669738
 -0.01551307]",0
"[ 0.04063384 -0.00710237  0.03218831 ... -0.06069601  0.01437564
 -0.01317839]",0
"[ 0.0615845   0.0945093  -0.00110161 ... -0.12134716  0.0055614
 -0.09951725]",0
"[ 0.01611084 -0.10650861  0.12018668 ...  0.01307658 -0.00472733
 -0.11289458]",0
"[ 0.05555172  0.01059429  0.01269308 ...  0.02581877 -0.03768905
 -0.07210165]",0
"[ 0.04468261  0.02049864 -0.00078955 ... -0.11431756  0.08561875
  0.06121421]",0
"[ 0.02861431  0.02598167  0.11396138 ... -0.04269623 -0.0360931
 -0.00705543]",0
"[ 0.03972146 -0.00109844  0.08300188 ... -0.02428299 -0.00166634
  0.00655402]",0
"[-0.01402954  0.01810915 -0.00369581 ... -0.04886857 -0.05921335
 -0.04362197]",0
"[-0.03878868  0.10440413  0.15038397 ...  0.04155155  0.96126884
  0.83179046]",1
"[-0.03556821 -0.96978735 -0.77300401 ... -0.05319024 -0.00485006
  0.02557171]",1
"[-0.03936327 -0.04239946 -0.00945461 ... -0.00264711 -0.01139236
 -0.06923429]",0
"[-0.07833469  0.09613703  0.15567773 ... -0.10672657  0.03556667
  0.06376021]",0
"[ 0.01443875  0.03272993  0.02905277 ... -0.01106864 -0.07450201
 -0.00149801]",0
"[ 0.02250997  0.00748856  0.02140024 ...  0.04722276 -0.04601114
  0.00828481]",0
"[ 0.00810148  0.01814161  0.06278311 ...  0.01801718 -0.08757508
 -0.02720904]",0
"[ 0.0800808   0.06983514 -0.00448953 ... -0.05116784 -0.02150475
  0.028852  ]",0
"[ 0.04520511 -0.0523387   0.02216556 ... -0.23888584 -0.014571
 -0.01294841]",0
"[-0.09826425 -0.0092729   0.05357555 ... -0.00722016 -0.02172152
 -0.04786504]",0
"[-0.01983135 -0.01666371  0.07388225 ... -0.09067715 -0.12733898
  0.01334081]",0
"[-0.0860791   0.09914236  0.01869863 ... -0.09005493 -0.07663599
  0.04899302]",0
"[ 0.01419255  0.0303464   0.07238434 ... -0.07870043 -0.0093931
  0.01367086]",0
"[ 0.0411263   0.00465572  0.03966803 ... -0.04701339 -0.13809654
 -0.03839627]",0
"[-0.05691548  0.07565304  0.08684166 ...  0.003681   -0.08061907
 -0.05593312]",0
"[-0.01803678 -0.03720588  0.07013989 ... -0.03842859 -0.02777345
  0.03442106]",0
"[ 0.01702161  0.09916576 -0.00412124 ... -0.05800106 -0.07312318
 -0.10529677]",0
"[ 0.02701163  0.03955482  0.05689035 ... -0.0141642  -0.02791093
  0.14467797]",0
"[-0.0069926   0.01495145  0.12369504 ...  0.00923405 -0.00972785
 -0.10960964]",0
"[-0.00226433  0.05754762  0.09813047 ... -0.06580828 -0.06460427
  0.05776266]",0
"[ 0.05829227  0.07276885  0.00580434 ...  0.00322518 -0.07696533
 -0.06698937]",0
"[ 0.03075908  0.03286151  0.00122862 ... -0.0203532  -0.11468889
 -0.09584872]",1
"[-0.04697689  0.02796756 -0.00293592 ... -0.03931462 -0.0085351
 -0.02784367]",0
"[ 0.0388473  -0.03267196 -0.0066687  ... -0.06794051 -0.00972519
  0.01567684]",0
"[-0.00134451 -0.0533965   0.03151702 ... -0.00470967  0.09024419
 -0.0315555 ]",0
"[-0.00157758 -0.0392582   0.03158964 ... -0.0368586  -0.02143592
  0.00070261]",0
"[-0.04376879 -0.01022031 -0.03980271 ... -0.10561556 -0.06043277
 -0.01638317]",0
"[ 0.03351456  0.06542577 -0.07507084 ... -0.14997299  0.01838714
 -0.02681709]",0
"[ 0.02472498 -0.05940083  0.06261465 ... -0.07034085 -0.03203301
 -0.05048106]",0
"[-0.00616047 -0.03900407  0.09002267 ... -0.0803633  -0.10710749
 -0.05354446]",0
"[-0.02402856 -0.03724035  0.04743593 ... -0.05749201 -0.10278098
 -0.01582642]",0
"[ 0.07308955  0.06893573  0.03454293 ... -0.02800255  0.02242246
 -0.02895639]",0
"[ 0.00358795  0.03282765  0.06807637 ... -0.01950763 -0.08550179
  0.0522014 ]",0
"[-0.02375329 -0.05055449 -0.00411107 ... -0.03464545  0.01241822
 -0.04304988]",0
"[ 0.01901849  0.09040423  0.0187878  ...  0.00119702 -0.05039141
 -0.05661661]",0
"[-0.00665552  0.02573124  0.08016767 ... -0.07777081 -0.11548961
  0.01281814]",0
"[ 0.00811131  0.01698025  0.08699832 ... -0.00261485 -0.1007821
 -0.01742786]",0
"[ 0.00912884  0.07632678 -0.00614701 ... -0.05153743 -0.07241158
 -0.00428156]",0
"[ 0.0090777   0.05000839 -0.05321302 ...  0.0082187  -0.03950303
  0.04101787]",0
"[ 0.04268596  0.02439931  0.02827431 ... -0.03791303 -0.02947569
 -0.05713431]",0
"[-0.05199383 -0.03662302  0.0746476  ... -0.04520549 -0.07157007
  0.0454988 ]",0
"[-0.03765268  0.02114902 -0.00778558 ... -0.01561785 -0.01411213
  0.00726008]",1
"[ 0.03863367 -0.01702145 -0.02134067 ... -0.1036169  -0.03492514
  0.0153126 ]",0
"[-0.00293198  0.03337581  0.06687616 ... -0.01438538  0.04482489
 -0.04366465]",0
"[ 0.01470068 -0.0260071  -0.00957881 ... -0.1277758  -0.05285467
 -0.05097692]",0
"[-0.03672463 -0.01659366 -0.0302556  ... -0.10189026 -0.01877308
  0.06326824]",0
"[ 0.06621822 -0.01543212  0.03179855 ... -0.03370809 -0.03440097
 -0.02579847]",0
"[ 0.04411701  0.06076413  0.0822417  ...  0.02003581 -0.06012045
 -0.09349558]",0
"[ 0.06729608 -0.08245581  0.0808119  ... -0.11983278 -0.01065932
 -0.01974296]",0
"[ 0.10967591 -0.07935733  0.05884113 ... -0.02529157 -0.04907679
  0.04570358]",0
"[ 0.03288216  0.10789897  0.05250928 ... -0.04175634 -0.08506701
  0.02952552]",0
"[ 0.06402065  0.07125648  0.126294   ... -0.01318534  0.03424392
 -0.0671696 ]",0
"[-0.0134852   0.03165092  0.00240941 ... -0.07965938 -0.09807184
 -0.06467469]",0
"[ 0.0096789   0.04119079  0.11409412 ... -0.02336027  0.02840965
 -0.00833054]",0
"[ 0.02391711  0.01954675  0.04989345 ... -0.07234312 -0.08559191
 -0.07873352]",0
"[-0.00206661  0.13210924  0.06490405 ... -0.00867345 -0.06135744
 -0.02376564]",0
"[-0.0713662   0.04233044  0.05163939 ... -0.09177009 -0.05814282
 -0.01287948]",0
"[-0.09566573 -0.04673407 -0.03466734 ... -0.01075405 -0.07110094
  0.0695364 ]",0
"[ 0.01332751  0.13291065  0.02194783 ... -0.01394808 -0.03660392
 -0.11632015]",0
"[-0.0393164   0.01432955  0.07721739 ... -0.10201827  0.03065216
 -0.08524492]",0
"[-0.00847825 -0.03074677 -0.08669853 ... -0.08340082 -0.11605052
  0.02044193]",0
"[ 0.039241    0.03945339  0.10638817 ...  0.04503003 -0.92163089
  0.42404177]",1
"[ 0.7997496  -0.6679271  -0.39092132 ... -0.10949522 -0.01126007
 -0.00909116]",1
"[-0.01886442 -0.05843172  0.01558829 ...  0.00482245 -0.04083436
  0.04629935]",0
"[ 0.05710289 -0.01879577  0.03998475 ... -0.06595901 -0.02227753
  0.00809963]",0
"[ 0.03204066  0.09786089 -0.00848613 ... -0.04945472  0.09317889
 -0.00150403]",0
"[-0.03955224  0.00800317  0.02326949 ... -0.14626679 -0.06901754
  0.01075868]",0
"[ 0.08935549  0.11012634  0.00408562 ... -0.07532208 -0.02414756
 -0.03124195]",0
"[ 0.03034799  0.07313677 -0.02806684 ... -0.1173277  -0.01808799
 -0.04686775]",0
"[-0.03847756  0.04330695  0.0519187  ... -0.08751494 -0.00347261
  0.01870248]",0
"[ 0.02456555  0.0120136   0.03100691 ... -0.13549338 -0.00605285
  0.05183938]",0
"[ 0.03639581  0.05543889 -0.00724372 ... -0.01733619 -0.02466647
 -0.01236455]",0
"[ 0.07290347  0.01634618 -0.01855984 ... -0.16100309 -0.04888093
 -0.02217671]",0
